<mesh>
	<submeshes>
		<submesh material="Grey.002" usesharedvertices="false">
			<faces count="26">
				<face v1="0" v2="1" v3="2"/>
				<face v1="2" v2="1" v3="3"/>
				<face v1="4" v2="5" v3="6"/>
				<face v1="6" v2="5" v3="7"/>
				<face v1="8" v2="9" v3="10"/>
				<face v1="10" v2="9" v3="11"/>
				<face v1="12" v2="13" v3="14"/>
				<face v1="14" v2="13" v3="15"/>
				<face v1="16" v2="14" v3="17"/>
				<face v1="17" v2="14" v3="15"/>
				<face v1="17" v2="15" v3="18"/>
				<face v1="18" v2="15" v3="19"/>
				<face v1="20" v2="21" v3="22"/>
				<face v1="22" v2="21" v3="23"/>
				<face v1="24" v2="25" v3="26"/>
				<face v1="26" v2="25" v3="27"/>
				<face v1="28" v2="26" v3="29"/>
				<face v1="29" v2="26" v3="27"/>
				<face v1="29" v2="27" v3="30"/>
				<face v1="30" v2="27" v3="31"/>
				<face v1="32" v2="33" v3="34"/>
				<face v1="34" v2="33" v3="35"/>
				<face v1="36" v2="37" v3="38"/>
				<face v1="38" v2="37" v3="39"/>
				<face v1="40" v2="41" v3="42"/>
				<face v1="42" v2="41" v3="43"/>
			</faces>
			<geometry vertexcount="44">
				<vertexbuffer positions="true" normals="true">
					<vertex>
						<position x="-0.012700" y="-0.609600" z="0.127000"/>
						<normal x="-1.000000" y="0.000000" z="0.000000"/>
					</vertex>
					<vertex>
						<position x="-0.012700" y="0.609600" z="0.127000"/>
						<normal x="-1.000000" y="0.000000" z="0.000000"/>
					</vertex>
					<vertex>
						<position x="-0.012700" y="-0.609600" z="-0.150442"/>
						<normal x="-1.000000" y="0.000000" z="0.000000"/>
					</vertex>
					<vertex>
						<position x="-0.012700" y="0.609600" z="-0.150442"/>
						<normal x="-1.000000" y="0.000000" z="0.000000"/>
					</vertex>
					<vertex>
						<position x="0.012700" y="0.609600" z="0.127000"/>
						<normal x="0.000000" y="0.000000" z="-1.000000"/>
					</vertex>
					<vertex>
						<position x="0.076200" y="0.609600" z="0.127000"/>
						<normal x="0.000000" y="0.000000" z="-1.000000"/>
					</vertex>
					<vertex>
						<position x="0.012700" y="-0.609600" z="0.127000"/>
						<normal x="0.000000" y="0.000000" z="-1.000000"/>
					</vertex>
					<vertex>
						<position x="0.076200" y="-0.609600" z="0.127000"/>
						<normal x="0.000000" y="0.000000" z="-1.000000"/>
					</vertex>
					<vertex>
						<position x="-0.076200" y="0.609600" z="0.127000"/>
						<normal x="-1.000000" y="0.000000" z="0.000000"/>
					</vertex>
					<vertex>
						<position x="-0.076200" y="-0.609600" z="0.127000"/>
						<normal x="-1.000000" y="0.000000" z="0.000000"/>
					</vertex>
					<vertex>
						<position x="-0.076200" y="0.609600" z="0.177800"/>
						<normal x="-1.000000" y="0.000000" z="0.000000"/>
					</vertex>
					<vertex>
						<position x="-0.076200" y="-0.609600" z="0.177800"/>
						<normal x="-1.000000" y="-0.000000" z="0.000000"/>
					</vertex>
					<vertex>
						<position x="0.076200" y="0.609600" z="0.177800"/>
						<normal x="0.000000" y="1.000000" z="0.000000"/>
					</vertex>
					<vertex>
						<position x="0.076200" y="0.609600" z="0.127000"/>
						<normal x="0.000000" y="1.000000" z="0.000000"/>
					</vertex>
					<vertex>
						<position x="-0.076200" y="0.609600" z="0.177800"/>
						<normal x="0.000000" y="1.000000" z="0.000000"/>
					</vertex>
					<vertex>
						<position x="0.012700" y="0.609600" z="0.127000"/>
						<normal x="0.000000" y="1.000000" z="0.000000"/>
					</vertex>
					<vertex>
						<position x="-0.076200" y="0.609600" z="0.127000"/>
						<normal x="0.000000" y="1.000000" z="0.000000"/>
					</vertex>
					<vertex>
						<position x="-0.012700" y="0.609600" z="0.127000"/>
						<normal x="0.000000" y="1.000000" z="0.000000"/>
					</vertex>
					<vertex>
						<position x="-0.012700" y="0.609600" z="-0.150442"/>
						<normal x="-0.000000" y="1.000000" z="0.000000"/>
					</vertex>
					<vertex>
						<position x="0.012700" y="0.609600" z="-0.150442"/>
						<normal x="0.000000" y="1.000000" z="0.000000"/>
					</vertex>
					<vertex>
						<position x="0.076200" y="-0.609600" z="0.127000"/>
						<normal x="1.000000" y="0.000000" z="0.000000"/>
					</vertex>
					<vertex>
						<position x="0.076200" y="0.609600" z="0.127000"/>
						<normal x="1.000000" y="0.000000" z="0.000000"/>
					</vertex>
					<vertex>
						<position x="0.076200" y="-0.609600" z="0.177800"/>
						<normal x="1.000000" y="0.000000" z="0.000000"/>
					</vertex>
					<vertex>
						<position x="0.076200" y="0.609600" z="0.177800"/>
						<normal x="1.000000" y="-0.000000" z="0.000000"/>
					</vertex>
					<vertex>
						<position x="-0.076200" y="-0.609600" z="0.177800"/>
						<normal x="0.000000" y="-1.000000" z="0.000000"/>
					</vertex>
					<vertex>
						<position x="-0.076200" y="-0.609600" z="0.127000"/>
						<normal x="0.000000" y="-1.000000" z="0.000000"/>
					</vertex>
					<vertex>
						<position x="0.076200" y="-0.609600" z="0.177800"/>
						<normal x="0.000000" y="-1.000000" z="0.000000"/>
					</vertex>
					<vertex>
						<position x="-0.012700" y="-0.609600" z="0.127000"/>
						<normal x="0.000000" y="-1.000000" z="0.000000"/>
					</vertex>
					<vertex>
						<position x="0.076200" y="-0.609600" z="0.127000"/>
						<normal x="0.000000" y="-1.000000" z="0.000000"/>
					</vertex>
					<vertex>
						<position x="0.012700" y="-0.609600" z="0.127000"/>
						<normal x="0.000000" y="-1.000000" z="0.000000"/>
					</vertex>
					<vertex>
						<position x="0.012700" y="-0.609600" z="-0.150442"/>
						<normal x="-0.000000" y="-1.000000" z="-0.000000"/>
					</vertex>
					<vertex>
						<position x="-0.012700" y="-0.609600" z="-0.150442"/>
						<normal x="0.000000" y="-1.000000" z="0.000000"/>
					</vertex>
					<vertex>
						<position x="-0.076200" y="-0.609600" z="0.127000"/>
						<normal x="0.000000" y="0.000000" z="-1.000000"/>
					</vertex>
					<vertex>
						<position x="-0.076200" y="0.609600" z="0.127000"/>
						<normal x="0.000000" y="0.000000" z="-1.000000"/>
					</vertex>
					<vertex>
						<position x="-0.012700" y="-0.609600" z="0.127000"/>
						<normal x="0.000000" y="0.000000" z="-1.000000"/>
					</vertex>
					<vertex>
						<position x="-0.012700" y="0.609600" z="0.127000"/>
						<normal x="0.000000" y="0.000000" z="-1.000000"/>
					</vertex>
					<vertex>
						<position x="0.076200" y="-0.609600" z="0.177800"/>
						<normal x="0.000000" y="-0.000000" z="1.000000"/>
					</vertex>
					<vertex>
						<position x="0.076200" y="0.609600" z="0.177800"/>
						<normal x="0.000000" y="-0.000000" z="1.000000"/>
					</vertex>
					<vertex>
						<position x="-0.076200" y="-0.609600" z="0.177800"/>
						<normal x="0.000000" y="-0.000000" z="1.000000"/>
					</vertex>
					<vertex>
						<position x="-0.076200" y="0.609600" z="0.177800"/>
						<normal x="0.000000" y="0.000000" z="1.000000"/>
					</vertex>
					<vertex>
						<position x="0.012700" y="0.609600" z="0.127000"/>
						<normal x="1.000000" y="0.000000" z="0.000000"/>
					</vertex>
					<vertex>
						<position x="0.012700" y="-0.609600" z="0.127000"/>
						<normal x="1.000000" y="0.000000" z="0.000000"/>
					</vertex>
					<vertex>
						<position x="0.012700" y="0.609600" z="-0.150442"/>
						<normal x="1.000000" y="0.000000" z="0.000000"/>
					</vertex>
					<vertex>
						<position x="0.012700" y="-0.609600" z="-0.150442"/>
						<normal x="1.000000" y="0.000000" z="0.000000"/>
					</vertex>
				</vertexbuffer>
			</geometry>
		</submesh>
		<submesh material="Grey.001" usesharedvertices="false">
			<faces count="18">
				<face v1="0" v2="1" v3="2"/>
				<face v1="3" v2="4" v3="5"/>
				<face v1="5" v2="0" v3="3"/>
				<face v1="3" v2="0" v3="2"/>
				<face v1="6" v2="7" v3="8"/>
				<face v1="9" v2="10" v3="11"/>
				<face v1="11" v2="8" v3="9"/>
				<face v1="8" v2="7" v3="9"/>
				<face v1="12" v2="13" v3="14"/>
				<face v1="14" v2="13" v3="15"/>
				<face v1="16" v2="17" v3="18"/>
				<face v1="18" v2="17" v3="19"/>
				<face v1="20" v2="21" v3="22"/>
				<face v1="22" v2="21" v3="23"/>
				<face v1="24" v2="25" v3="26"/>
				<face v1="26" v2="25" v3="27"/>
				<face v1="28" v2="29" v3="30"/>
				<face v1="30" v2="29" v3="31"/>
			</faces>
			<geometry vertexcount="32">
				<vertexbuffer positions="true" normals="true">
					<vertex>
						<position x="0.012700" y="0.609600" z="-0.150442"/>
						<normal x="-0.000000" y="1.000000" z="0.000000"/>
					</vertex>
					<vertex>
						<position x="0.203200" y="0.609600" z="-0.150442"/>
						<normal x="-0.000000" y="1.000000" z="0.000000"/>
					</vertex>
					<vertex>
						<position x="0.203200" y="0.609600" z="-0.177800"/>
						<normal x="-0.000000" y="1.000000" z="0.000000"/>
					</vertex>
					<vertex>
						<position x="-0.203200" y="0.609600" z="-0.177800"/>
						<normal x="0.000000" y="1.000000" z="0.000000"/>
					</vertex>
					<vertex>
						<position x="-0.203200" y="0.609600" z="-0.150442"/>
						<normal x="0.000000" y="1.000000" z="0.000000"/>
					</vertex>
					<vertex>
						<position x="-0.012700" y="0.609600" z="-0.150442"/>
						<normal x="0.000000" y="1.000000" z="0.000000"/>
					</vertex>
					<vertex>
						<position x="-0.203200" y="-0.609600" z="-0.150442"/>
						<normal x="0.000000" y="-1.000000" z="0.000000"/>
					</vertex>
					<vertex>
						<position x="-0.203200" y="-0.609600" z="-0.177800"/>
						<normal x="0.000000" y="-1.000000" z="0.000000"/>
					</vertex>
					<vertex>
						<position x="-0.012700" y="-0.609600" z="-0.150442"/>
						<normal x="0.000000" y="-1.000000" z="0.000000"/>
					</vertex>
					<vertex>
						<position x="0.203200" y="-0.609600" z="-0.177800"/>
						<normal x="0.000000" y="-1.000000" z="0.000000"/>
					</vertex>
					<vertex>
						<position x="0.203200" y="-0.609600" z="-0.150442"/>
						<normal x="0.000000" y="-1.000000" z="0.000000"/>
					</vertex>
					<vertex>
						<position x="0.012700" y="-0.609600" z="-0.150442"/>
						<normal x="0.000000" y="-1.000000" z="0.000000"/>
					</vertex>
					<vertex>
						<position x="0.203200" y="-0.609600" z="-0.177800"/>
						<normal x="0.000000" y="0.000000" z="-1.000000"/>
					</vertex>
					<vertex>
						<position x="-0.203200" y="-0.609600" z="-0.177800"/>
						<normal x="0.000000" y="0.000000" z="-1.000000"/>
					</vertex>
					<vertex>
						<position x="0.203200" y="0.609600" z="-0.177800"/>
						<normal x="0.000000" y="0.000000" z="-1.000000"/>
					</vertex>
					<vertex>
						<position x="-0.203200" y="0.609600" z="-0.177800"/>
						<normal x="-0.000000" y="0.000000" z="-1.000000"/>
					</vertex>
					<vertex>
						<position x="0.012700" y="-0.609600" z="-0.150442"/>
						<normal x="0.000000" y="0.000000" z="1.000000"/>
					</vertex>
					<vertex>
						<position x="0.203200" y="-0.609600" z="-0.150442"/>
						<normal x="0.000000" y="0.000000" z="1.000000"/>
					</vertex>
					<vertex>
						<position x="0.012700" y="0.609600" z="-0.150442"/>
						<normal x="0.000000" y="0.000000" z="1.000000"/>
					</vertex>
					<vertex>
						<position x="0.203200" y="0.609600" z="-0.150442"/>
						<normal x="-0.000000" y="0.000000" z="1.000000"/>
					</vertex>
					<vertex>
						<position x="0.203200" y="-0.609600" z="-0.150442"/>
						<normal x="1.000000" y="-0.000000" z="0.000000"/>
					</vertex>
					<vertex>
						<position x="0.203200" y="-0.609600" z="-0.177800"/>
						<normal x="1.000000" y="-0.000000" z="0.000000"/>
					</vertex>
					<vertex>
						<position x="0.203200" y="0.609600" z="-0.150442"/>
						<normal x="1.000000" y="-0.000000" z="0.000000"/>
					</vertex>
					<vertex>
						<position x="0.203200" y="0.609600" z="-0.177800"/>
						<normal x="1.000000" y="0.000000" z="0.000000"/>
					</vertex>
					<vertex>
						<position x="-0.203200" y="-0.609600" z="-0.150442"/>
						<normal x="0.000000" y="0.000000" z="1.000000"/>
					</vertex>
					<vertex>
						<position x="-0.012700" y="-0.609600" z="-0.150442"/>
						<normal x="0.000000" y="0.000000" z="1.000000"/>
					</vertex>
					<vertex>
						<position x="-0.203200" y="0.609600" z="-0.150442"/>
						<normal x="0.000000" y="0.000000" z="1.000000"/>
					</vertex>
					<vertex>
						<position x="-0.012700" y="0.609600" z="-0.150442"/>
						<normal x="-0.000000" y="0.000000" z="1.000000"/>
					</vertex>
					<vertex>
						<position x="-0.203200" y="-0.609600" z="-0.177800"/>
						<normal x="-1.000000" y="0.000000" z="0.000000"/>
					</vertex>
					<vertex>
						<position x="-0.203200" y="-0.609600" z="-0.150442"/>
						<normal x="-1.000000" y="0.000000" z="0.000000"/>
					</vertex>
					<vertex>
						<position x="-0.203200" y="0.609600" z="-0.177800"/>
						<normal x="-1.000000" y="0.000000" z="0.000000"/>
					</vertex>
					<vertex>
						<position x="-0.203200" y="0.609600" z="-0.150442"/>
						<normal x="-1.000000" y="0.000000" z="0.000000"/>
					</vertex>
				</vertexbuffer>
			</geometry>
		</submesh>
	</submeshes>
</mesh>
